{
    "cells": {
        "0": {
          "packets": {
            "dl_rx_count": 3.9048189672983895,
            "dl_err_count": 1.0935131483308396,
            "ul_tx_count": 4.633915157637892,
            "ul_retx_count": 0.9131616919402863,
            "dl_retx_count": 0.30639644998049054
          }
        },
        "1": {
         "packets": {
            "dl_rx_count": 0.26646451069060806,
            "dl_err_count": 2.625125759439907,
            "ul_tx_count": 8.41864184145533,
            "ul_retx_count": 0.010036312574968065,
            "dl_retx_count": 0.5623356868137184
          }
        }
      }
}